{"_step":248,"loss":0.13112033903598785,"_wandb":{"runtime":41},"_runtime":41,"_timestamp":1.777415975461835e+09}